{
    "R2": 0.21086685419632845,
    "RMSE": 224197.34531146302,
    "MAE": 210608.61297500026
}