Actual,Predicted
529780.77,242305.63774999973
25020.32,158762.41370000027
