,R2,RMSE,MAE
RF,,298392.3118500003,298392.3118500003
NN,,529774.1058683586,529774.1058683586
