R2,RMSE,MAE
0.21086685419632845,224197.34531146302,210608.61297500026
