{
    "R2": NaN,
    "RMSE": 298392.3118500003,
    "MAE": 298392.3118500003
}