R2,RMSE,MAE
,298392.3118500003,298392.3118500003
